MichaelDuckering Gorczany and Lockman",(435) 6881007
MirabelleO'Mullaney(464) 5709099
FosterLuckett(723) 2847226
AlphonseVegas Orn and Kutch",(343) 3868241
RinaldoMaestro Kohler and Raynor",(558) 5973730
DanitGillford Emmerich and Legros",(461) 1570967
AtheneSpurriar(407) 6237807
HuntLodin(766) 1649906
DanieCroxley(429) 3323895
HerbArmitage(599) 5693191
KielPedreschi Hayes and Bailey",(713) 4326009
RinaBoldison(183) 4225849
MerisSilley Gutmann and Lang",(500) 2622704
BrewsterDumini Krajcik and Prohaska",(318) 7108395
RriocardLa Wille(188) 7782140
GuillaumePuddefoot(205) 4878543
InesitaAry(372) 5434269
LucaisBirkwood Rohan and Gislason",(462) 7674951
